school_name,ap_course_count,ap_students_tested,ap_tests_administered,ap_tests_3plus,ap_exam_pass_rate,act_composite_avg,act_english_avg,act_math_avg,act_reading_avg,act_science_avg,act_students_tested,graduation_rate,hope_eligible_pct,dropout_rate
9th Grade Academy,1,56,56,28,50.0,,,,,,,,,
Academy For Classical Education,18,247,509,455,89.4,24.8,24.2,24.6,25.8,24.4,12,100.0,70.94,
Academy of Richmond County High School,16,282,581,115,19.8,16.6,13.4,16.0,18.9,17.9,12,87.0,36.32,2.4
Adairsville High School,25,366,955,436,45.7,20.8,18.9,20.6,21.7,22.2,21,99.01,63.25,0.9
Adairsville Middle School,5,,,,,,,,,,,,,
Albany High School,3,8,18,4,22.2,17.8,16.9,17.2,18.1,18.4,54,81.77,18.67,3.7
Alcovy High School,22,197,336,123,36.6,16.2,15.5,15.1,16.9,16.8,37,86.27,32.13,3.1
Alexander High School,26,273,480,300,62.5,19.3,18.8,18.0,21.2,18.8,67,93.69,60.0,1.6
Allatoona High School,20,454,914,722,79.0,22.2,21.2,21.0,23.8,22.7,63,93.96,63.5,1.0
Alliance Academy for Innovation,30,836,1974,1775,89.9,26.7,26.8,26.2,27.2,26.3,56,100.0,83.27,
Alpha Academy,,,,,,,,,,,,,,12.4
Alpharetta High School,31,986,2139,1816,84.9,25.3,25.2,23.8,27.0,24.8,132,98.38,66.07,0.9
Alternative Education Center at Lamar,,,,,,,,,,,,25.45,,13.9
Americus Sumter 9th Grade Academy,2,,,,,,,,,,,,,
Americus Sumter County High South,,,,,,,,,,,,89.3,,2.1
Americus Sumter High School (Old Americus-Sumter HS S),8,74,99,10,10.1,16.4,14.6,16.1,17.5,16.8,37,92.27,36.55,2.3
Apalachee High School,17,200,325,157,48.3,19.0,17.6,19.7,19.3,19.0,19,92.49,58.65,2.5
Appling County High School,6,51,57,35,61.4,16.3,14.9,16.6,16.3,16.9,16,99.16,40.91,1.8
APS-Forrest Hills Academey,,,,,,,,,,,,,,16.0
APS-Forrest Hills Academy,,,,,,,,,,,,,,6.3
"Arabia Mountain High School - Academy of Engineering, Medicine and Environm",13,317,510,216,42.4,18.0,16.7,17.5,19.0,18.1,47,100.0,64.21,0.9
Archer High School,26,809,1993,1648,82.7,20.4,19.3,20.1,21.0,20.5,56,93.78,59.75,1.4
Armuchee High School,11,121,208,147,70.7,21.5,21.3,20.2,23.3,20.7,26,96.18,61.9,
Armuchee Middle School,1,,,,,,,,,,,,,
Atkinson County High School,1,22,22,10,45.5,18.0,17.5,18.4,17.8,17.5,13,95.74,60.44,2.3
Atlanta Area School for the Deaf,1,1,,,,12.4,10.3,13.7,11.4,13.4,10,,15.0,
Atlanta Classical Academy,,,,,,,,,,,,97.22,88.57,9.8
Atlanta Classical Charter Academy Facility,10,74,121,105,86.8,27.7,27.0,26.2,29.2,28.0,10,,,
Atlanta Youth Detention Center,,,,,,,,,,,,,,30.4
Augusta Youth Development Campus,,,,,,,,,,,,,,32.7
Autrey Mill Middle School,1,,,,,,,,,,,,,
Awtrey Middle School,5,,,,,,,,,,,,,
AZ Kelsey Academy,,,,,,,,,,,,91.67,5.26,26.3
B.E.S.T Academy,,,,,,,,,,,,97.44,34.21,4.8
Bacon County High School,1,3,28,8,28.6,20.8,19.6,18.3,23.9,21.3,12,93.84,37.23,3.5
Baconton Community Charter School,2,25,25,1,4.0,19.3,18.8,17.6,21.5,18.6,11,98.15,75.47,
Bainbridge High School,8,82,140,88,62.9,20.7,18.9,19.1,23.0,21.3,32,96.64,45.74,0.8
Baker County High School,,,,,,,,,,,,100.0,,
Baker County K12 School,,,,,,,,,,,,100.0,47.06,
Baldwin High School,11,262,431,82,19.0,18.3,17.2,17.6,19.5,18.1,19,81.85,33.77,3.2
Banks County High School,6,76,87,62,71.3,20.2,18.8,19.3,21.6,20.4,19,92.72,55.03,2.1
Banneker High School,16,353,593,95,16.0,17.3,16.6,16.4,18.8,16.4,16,84.58,23.18,7.9
Barber Middle School,1,,,,,,,,,,,,,
Barrow Arts and Sciences Academy,,,,,,,,,,,,97.01,69.87,1.1
Bay Creek Middle School,11,15,16,15,93.8,,,,,,,,,
Beach High School,2,15,15,2,13.3,15.5,13.8,15.9,16.4,15.6,14,86.88,15.46,2.3
Bear Creek Middle School,1,,,,,,,,,,,,,
Benjamin E. Mays High School,9,122,154,41,26.6,16.9,14.4,16.1,17.9,18.1,10,88.72,33.68,3.0
Berkmar High School,27,460,777,344,44.3,20.6,18.4,20.3,21.7,21.1,20,82.4,33.07,2.2
Berkmar Middle School,6,,,,,,,,,,,,,
Berrien Academy Performance Learning Center,1,,,,,,,,,,,96.15,17.86,12.3
Berrien High School,7,105,142,94,66.2,20.0,18.7,19.8,20.4,20.7,10,96.7,50.74,3.2
Bethune Middle School,1,,,,,,,,,,,,,
Bishop Hall Charter School,1,,,,,,,,,,,93.33,15.07,
Blackmon Road Middle School,2,,,,,,,,,,,,,
Bleckley County High School,5,54,100,78,78.0,17.8,16.6,18.4,17.2,18.6,11,97.6,52.2,1.4
Bleckley County Success Academy,,,,,,,,,,,,91.67,,11.8
Booker T. Washington High School,8,115,139,22,15.8,14.4,12.1,14.8,16.0,14.4,20,85.35,29.71,4.8
Bowdon High School,10,66,92,49,53.3,20.2,18.6,19.9,21.1,20.8,12,97.2,54.29,4.3
Bowdon Middle School,1,,,,,,,,,,,,,
Bradwell Institute,16,139,199,110,55.3,18.6,17.9,17.3,19.9,18.8,48,92.65,35.57,2.0
Brantley County High School,3,45,52,32,61.5,20.1,18.8,19.2,20.7,20.8,13,86.76,52.25,2.0
Bremen High School,15,73,132,91,68.9,23.9,24.2,23.1,24.7,23.4,37,99.47,79.68,
Bremen Middle School,1,,,,,,,,,,,,,
Brighten Academy,1,,,,,,,,,,,,,
Brookhaven Innovation Academy,1,,,,,,,,,,,,,
Brooks County High School,7,62,100,30,30.0,17.6,16.4,17.1,17.7,18.6,14,97.62,38.84,5.4
Brooks County Middle School,1,,,,,,,,,,,,,
Brookwood High School,36,1193,2790,2444,87.6,24.4,23.6,23.8,25.3,24.7,90,94.06,66.15,0.6
Brunswick High School,22,241,468,257,54.9,20.1,18.8,20.2,20.7,21.0,34,99.75,43.32,0.6
Bryan County High School,9,51,77,30,39.0,17.4,15.7,17.3,18.0,18.0,35,88.97,48.09,3.0
Buford High School,27,691,1406,1259,89.5,23.7,22.5,23.5,24.9,23.6,75,93.3,74.35,1.1
Buford Middle School,1,12,12,12,100.0,,,,,,,,,
Burke County High School,2,17,17,15,88.2,17.3,17.3,17.7,16.9,17.0,16,92.83,37.99,1.5
Butler High School,5,39,44,11,25.0,14.2,12.2,14.9,14.6,14.5,17,78.3,34.81,4.0
CA Gray Junior High School,,,,,,,,,,,,,,1.5
Cairo High School,7,157,246,141,57.3,17.7,16.2,16.5,19.0,18.5,13,90.28,36.55,1.3
Calhoun County High School,1,7,,,,13.7,12.3,15.5,13.5,14.2,13,91.49,31.82,
Calhoun High School,15,174,268,192,71.6,21.5,20.6,20.9,21.9,22.4,22,97.71,57.38,0.9
Callaway High School,9,57,100,63,63.0,16.6,15.4,16.0,17.6,17.1,22,93.78,40.48,1.5
Callaway Middle School,1,,,,,,,,,,,,,
Cambridge High School,31,827,1883,1563,83.0,24.9,25.0,23.4,26.3,24.8,107,97.36,71.57,1.0
Camden County High School,23,368,649,441,68.0,22.8,21.2,22.2,23.9,23.6,37,96.18,60.38,0.8
Camp Creek Middle School,1,,,,,,,,,,,,,
Campbell High School,29,719,1528,1246,81.5,24.5,24.8,22.6,25.7,24.1,93,86.93,53.51,1.9
Campbell Middle School,2,17,30,21,70.0,,,,,,,,,
Carrollton High School,20,308,514,383,74.5,21.5,20.8,20.5,23.3,21.2,37,92.81,61.76,1.7
Cartersville High School,20,263,436,277,63.5,21.6,20.6,21.5,21.5,22.1,35,92.23,59.83,1.2
Carver High School,9,60,62,12,19.4,14.6,13.0,14.9,16.0,14.3,42,91.04,20.51,5.3
Carver High School Early College,6,48,51,17,33.3,15.8,12.3,15.5,18.2,17.0,10,93.69,39.62,3.5
Carver Road Middle School,1,,,,,,,,,,,,,
Cass High School,22,286,501,278,55.5,20.3,18.5,19.1,21.6,21.3,13,93.1,60.16,0.8
Cass Middle School,5,,,10,,,,,,,,,,
CCAT High School,,,,,,,,,,,,,59.26,
CCAT School,2,1,,,,,,,,,,94.74,61.11,
Cedar Grove High School,11,157,235,59,25.1,17.1,15.7,17.0,17.8,17.5,12,82.65,33.6,3.7
Cedar Grove Middle School,1,,,,,,,,,,,,,
Cedar Shoals High School,16,178,271,173,63.8,18.0,16.6,18.2,19.5,17.5,32,79.45,34.25,1.1
Cedartown High School,9,249,362,166,45.9,18.6,16.8,17.6,19.8,19.8,17,91.9,46.28,1.0
Centennial High School,28,548,1077,798,74.1,23.5,23.1,22.1,25.4,22.9,74,95.26,60.22,1.0
Central Elementary/High School,3,2,,,,16.6,15.8,15.6,16.9,17.7,17,94.59,34.38,
Central Gwinnett High School,26,334,603,384,63.7,18.8,16.5,18.0,21.0,19.5,32,86.25,42.73,3.0
Central High School,18,206,328,262,79.9,22.0,20.7,21.3,23.6,21.9,24,97.82,62.81,1.3
Chamblee Charter High School,33,634,1365,971,71.1,23.5,23.8,21.5,25.2,22.9,73,86.0,69.74,3.9
Chamblee High School,34,866,1786,1502,84.1,26.2,26.2,25.0,27.3,25.9,80,87.96,65.56,3.5
Chamblee Middle School,2,,,,,,,,,,,,,
Chapel Hill High School,23,297,564,332,58.9,19.6,18.4,18.1,21.7,19.6,45,94.6,51.95,1.5
Chapel Hill Middle School,3,,,,,,,,,,,,,
Charles Drew Charter JA/SR Academy,12,240,398,189,47.5,21.4,21.0,19.6,22.8,21.4,43,98.18,61.11,
Charles Drew Charter School JA/SA,9,113,145,44,30.3,19.9,20.6,18.6,20.9,18.7,16,98.36,47.46,
Charles R. Drew High School,16,231,338,25,7.4,16.4,14.9,16.1,17.5,16.9,19,84.97,34.55,4.4
Charlton County High School,2,1,,,,19.6,19.4,18.4,20.5,19.4,17,96.55,48.78,3.5
Chattahoochee County High School,3,16,17,3,17.6,19.5,18.9,18.4,21.5,19.0,17,88.79,40.63,3.3
Chattahoochee High School,35,850,1950,1796,92.1,25.7,25.8,25.3,26.4,25.0,74,97.0,70.48,0.5
Chattooga Academy,,,,,,,,,,,,66.67,,12.9
Chattooga High School,3,43,47,15,31.9,21.0,18.9,20.2,22.6,21.6,23,89.89,31.76,1.2
Cherokee Bluff High School,23,257,421,302,71.7,23.6,23.2,22.9,23.6,24.1,12,96.71,61.72,1.0
Cherokee High School,28,489,1037,894,86.2,22.1,20.6,21.0,23.9,22.3,54,82.06,46.88,2.1
Chestatee High School,18,238,383,225,58.7,20.5,19.8,18.8,21.6,21.2,13,92.68,45.71,1.9
Clarke Central High School,25,505,871,624,71.6,20.1,18.5,20.6,20.9,20.1,39,84.13,53.61,2.4
Clarke Middle School,3,,,,,,,,,,,,,
Clarkston High School,13,128,169,31,18.3,16.1,14.3,15.5,17.9,16.3,11,67.05,49.41,6.9
Classic City High School,1,1,,,,,,,,,,76.32,5.88,16.9
Claxton High School,2,42,52,24,46.2,18.8,18.1,17.7,19.7,19.4,12,98.11,32.38,2.2
Clayton County Open Campus/Career Academy,,,,,,15.7,14.2,16.0,16.1,16.3,25,,,
Clinch County High School,3,3,,,,,,,,,,88.57,37.5,2.7
Coahulla Creek High School,11,89,117,92,78.6,22.2,21.5,23.0,22.3,21.9,11,95.63,54.55,1.4
Coastal Middle School,8,,,10,,,,,,,,,,
Coastal Plains Charter High School,,,,,,,,,,,,17.25,14.89,26.0
Coastal Plains Charter High School - Candler Campus,,,,,,,,,,,,16.13,17.75,26.9
Coastal Plains High School,,,,,,,,,,,,18.45,16.49,20.7
Cobb Horizon High School,,,,,,,,,,,,55.14,17.83,13.8
Coffee County Career Academy,,,,,,,,,,,,62.03,,6.3
Coffee County High School,21,244,580,312,53.8,19.0,18.5,18.2,20.3,18.8,42,94.98,48.82,1.5
Coleman Middle School,5,,,,,,,,,,,,,
Collins Hill High School,25,603,1259,888,70.5,24.5,23.3,23.7,25.8,24.9,22,89.47,58.35,2.4
Colquitt County Achievement Center,1,,,,,17.6,16.2,17.3,17.9,18.4,15,40.0,,22.6
Colquitt County High School,18,258,400,245,61.3,19.3,18.1,18.8,20.3,19.4,26,90.63,43.09,1.2
Columbia High School,7,152,198,26,13.1,16.4,15.3,14.7,18.9,17.3,11,80.43,35.87,3.3
Columbia Middle School,2,,,,,,,,,,,,,
Columbus High School,27,875,2253,1866,82.8,25.3,24.6,24.6,26.5,25.2,98,100.0,92.83,
Commerce High School,6,60,72,54,75.0,18.9,17.8,17.9,20.6,18.6,18,96.83,48.78,2.2
Conyers Middle School,3,,,,,,,,,,,,,
Cook High School,2,26,26,24,92.3,21.8,21.1,20.1,24.1,21.7,10,98.48,44.85,1.1
Cooper Middle School,3,,,,,,,,,,,,,
Coosa High School,9,102,168,94,56.0,18.6,17.3,17.5,19.7,19.1,14,96.84,38.36,3.8
Coretta Scott King Young Women's Academy High School,12,55,88,27,30.7,18.7,17.8,16.6,21.1,18.8,18,,,
Coretta Scott King Young Women's Leadership Academy,,,,,,,,,,,,100.0,36.11,
Corretta Scott King Womens' Leadership Academy,,,,,,,,,,,,100.0,25.53,4.0
Corretta Scott King Young Womens' Leadership Academy,,,,,,,,,,,,100.0,,
Couch Middle School,8,10,11,19,172.7,,,,,,,,,
Crabapple Middle School,2,85,85,56,65.9,,,,,,,,,
Crawford County High School,5,37,46,20,43.5,17.9,17.2,17.6,18.0,17.9,13,92.97,55.65,3.0
Creekland Middle School,3,,,,,,,,,,,,,
Creekside High School,21,325,532,111,20.9,17.1,15.7,16.2,18.6,17.8,18,92.18,26.54,2.8
Creekview High School,22,606,1269,1113,87.7,23.8,23.1,23.4,24.3,24.0,78,96.96,75.95,0.6
Crews Middle School,9,16,23,18,78.3,,,,,,,,,
Crim High School,1,1,,,,,,,,,,16.67,2.7,25.6
Crisp County High School,4,39,44,24,54.5,19.5,18.5,18.5,20.3,20.2,24,81.65,40.97,5.5
Cross Creek High School,13,85,101,16,15.8,15.2,13.6,15.3,16.5,15.6,10,82.54,29.43,3.6
Cross Keys High School,10,107,137,96,70.1,17.2,16.4,16.8,17.4,17.7,13,73.68,38.62,8.3
D. M. Therrell High School,,,,,,,,,,,,90.46,20.75,2.1
DAC (Dodge County Achievement Center),,,,,,,,,,,,83.33,,30.4
Dacula High School,24,554,1106,796,72.0,20.8,18.9,20.9,21.9,21.1,32,89.18,46.97,1.6
Dacula Middle School,2,32,32,20,62.5,,,,,,,,,
Dade County High School,7,88,96,51,53.1,18.8,17.1,18.4,19.8,19.0,25,87.5,52.07,1.9
Dalton High School,18,383,643,323,50.2,20.6,19.0,19.8,22.1,20.7,22,91.36,62.74,1.5
Daniell Middle School,5,,,,,,,,,,,,,
David T Howard Middle School,7,12,23,23,100.0,,,,,,,,,
Davidson Fine Arts Magnet,22,215,443,373,84.2,24.2,23.8,22.9,26.4,23.1,16,100.0,73.83,
Davidson Magnet School,22,211,417,351,84.2,24.3,24.6,21.4,27.1,23.5,29,100.0,72.83,
Dawson County High School,18,186,317,214,67.5,19.7,17.9,18.8,20.9,21.2,23,97.26,54.7,1.3
Dawson County Middle School,1,,,,,,,,,,,,,
Decatur High School,16,543,762,611,80.2,25.0,24.9,22.8,27.0,25.0,87,96.04,75.23,1.1
DeKalb Alternative School,1,,,,,,,,,,,29.41,,18.8
Dekalb Early College Academy,6,56,66,51,77.3,22.9,21.5,21.9,25.4,22.4,10,100.0,97.1,
DeKalb High School of Technology-South,1,12,12,2,16.7,,,,,,,,,
DeKalb School of the Arts,15,159,260,184,70.8,22.6,23.2,20.0,24.7,22.2,21,100.0,84.21,
Delta Innovative School,,,,,,,,,,,,92.31,6.45,9.7
Denmark High School,32,1315,2828,2517,89.0,25.2,24.7,24.6,25.9,25.1,114,97.56,70.03,0.9
Destinations Career Academy of Georgia (Virtual),,,,,,,,,,,,,,5.9
Destiny Achievers Academy of Excellence,,,,,,16.2,14.4,16.1,17.1,16.7,17,47.2,5.88,15.4
Devereux Ackerman Academy,,,,,,,,,,,,,,16.7
Dickerson Middle School,14,28,43,41,95.3,,,,,,,,,
Discovery High School,23,466,869,555,63.9,19.3,17.8,18.8,19.8,20.3,12,83.43,43.96,1.7
Discovery Regional High School,,,,,,,,,,,,28.57,,9.6
DISTRICT_ALL,37,78718,142717,88345,61.9,,,,,,,,,
Dodge County High School,4,23,23,2,8.7,16.4,15.2,16.2,17.2,16.9,12,96.65,48.26,1.5
Dodgen Middle School,7,13,17,16,94.1,,,,,,,,,
Dooly County High School,4,36,42,1,2.4,15.1,13.3,14.8,15.5,16.3,19,91.25,48.65,3.6
Dougherty Comprehensive High School,5,17,22,,,15.2,13.5,15.1,16.1,15.5,77,88.49,31.06,1.7
Douglas County High School,18,83,107,57,53.3,17.6,16.6,17.0,18.5,17.7,44,93.95,43.1,2.0
Douglass High School,3,10,12,1,8.3,15.6,14.1,15.5,16.3,16.2,103,62.13,27.98,13.5
Druid Hills High School,22,327,576,370,64.2,22.1,22.3,20.0,23.9,21.7,45,88.67,57.59,4.6
Druid Hills Middle School,2,19,32,31,96.9,,,,,,,,,
Dublin City Alternative School,,,,,,,,,,,,51.35,,14.7
Dublin High School,3,38,39,1,2.6,16.0,13.3,15.7,16.5,17.3,20,96.5,42.36,2.2
Duluth High School,28,616,1278,908,71.0,21.8,20.4,20.7,24.4,21.3,21,86.94,49.25,1.2
Duluth Middle School,7,13,19,16,84.2,,,,,,,,,
Dunwoody High School,27,704,1479,1135,76.7,24.6,24.7,23.1,25.7,24.4,138,86.81,66.87,1.7
Durham Middle School,5,,,,,,,,,,,,,
Dutchtown High,16,207,291,145,49.8,16.5,15.6,15.7,17.7,16.4,125,92.49,37.83,1.4
Dutchtown Middle School,1,,,,,,,,,,,,,
Eagle's Landing High School,20,97,139,64,46.0,16.5,15.8,15.6,17.7,16.8,32,87.44,33.79,2.6
Early College Academy of Columbus at Waverly Terrace,1,4,26,1,3.8,19.2,17.8,18.9,20.8,18.6,16,97.14,17.14,
Early College High School at Carver,2,13,20,2,10.0,17.6,15.8,17.0,18.7,18.2,14,91.73,28.69,2.1
Early College Program,2,13,13,10,76.9,18.8,18.8,17.2,21.2,17.9,13,,,
Early County High School,2,15,18,5,27.8,17.4,16.2,16.5,17.6,18.4,35,87.92,39.84,1.9
East Cobb Middle School,9,15,23,15,65.2,,,,,,,,,
East Coweta High School,27,387,672,499,74.3,21.6,21.3,20.4,22.9,21.5,72,92.68,50.28,1.5
East DeKalb Special Education Center,,,,,,,,,,,,,,73.4
East Forsyth High School,23,388,671,543,80.9,22.7,21.6,21.4,24.0,22.5,49,95.05,55.26,1.3
East Hall High School,14,193,260,150,57.7,19.1,17.7,18.9,19.2,20.2,19,84.38,34.06,2.8
East Jackson Comprehensive High School,21,277,446,279,62.6,21.7,20.3,20.8,23.3,21.7,32,97.51,53.72,1.6
East Laurens High School,2,12,13,3,23.1,18.4,16.5,18.5,18.4,19.5,11,94.0,53.19,2.5
East Paulding High School,13,183,278,194,69.8,17.9,16.3,18.3,17.8,19.1,16,88.4,44.49,2.0
Eastman Youth Development Campus,,,,,,,,,,,,,,23.9
Eastside High School,27,332,783,526,67.2,18.9,18.2,17.8,20.5,18.8,56,93.53,50.88,1.1
Ebenezer Middle School,1,,,,,,,,,,,,,
Echols County High School,2,1,,,,18.7,16.8,17.7,21.3,19.1,12,94.12,54.84,
Edwards Middle School,2,,,,,,,,,,,,,
Effingham County High School,23,293,478,381,79.7,21.6,19.6,21.3,22.8,21.9,18,92.8,41.82,1.6
Elbert County High School,4,87,125,41,32.8,16.9,15.5,17.3,16.5,17.6,14,86.45,55.49,2.6
Elite Scholars Academy School,16,208,340,263,77.4,22.3,23.0,19.0,25.6,21.7,10,100.0,85.56,
Elizabeth Andrews High School,5,11,12,1,8.3,15.6,14.5,14.9,16.9,16.0,11,45.11,7.91,15.5
Emanuel County Institute,1,25,27,4,14.8,19.8,19.2,18.7,20.3,20.6,11,93.33,52.27,3.5
Etowah High School,28,562,1386,1177,84.9,23.2,22.1,22.4,24.1,24.0,108,92.51,59.07,1.1
Evans High School,24,370,850,655,77.1,20.9,20.2,19.8,21.8,21.5,28,92.93,45.65,1.2
EXCEL Academy,,,,,,,,,,,,51.47,3.03,14.6
Fannin County High School,8,77,98,74,75.5,19.8,18.5,18.6,22.6,20.9,10,90.64,55.38,1.1
Fayette County High School,24,336,597,401,67.2,20.2,18.3,19.8,21.8,20.2,33,89.49,38.74,1.7
Fitzgerald High School,7,58,64,25,39.1,16.0,14.5,16.5,16.8,16.0,13,93.96,43.75,1.8
Fitzgerald High School School College and Career Academy,1,37,37,12,32.4,19.0,17.6,17.7,20.8,19.7,16,90.78,43.68,2.8
Five Forks Middle School,6,11,14,13,92.9,,,,,,,,,
Flowery Branch High,31,301,640,512,80.0,19.5,16.9,20.0,19.5,20.9,17,91.62,59.41,1.5
Floyd Middle School,3,,,,,,,,,,,,,
Foothills Charter High School (Central Office - Athens),,,,,,,,,,,,9.45,16.77,27.0
Foothills Charter High School (Madison Campus),2,1,,,,,,,,,,12.54,10.37,33.7
Foothills Regional High School,,,,,,,,,,,,11.43,10.44,30.1
Forest Park High School,18,221,386,89,23.1,16.1,15.0,15.3,16.9,16.8,12,86.2,38.97,4.7
Forest Park Middle School,2,,,,,,,,,,,,,
Forsyth Academy,7,1,,,,,,,,,,,,
Forsyth Central High School,31,778,1711,1505,88.0,25.1,24.3,24.0,26.1,25.2,104,94.29,64.26,0.9
Forsyth Virtual Academy,7,15,21,12,57.1,,,,,,,90.48,44.44,
Franklin County High School,4,69,72,53,73.6,20.7,18.8,20.1,22.1,21.5,13,92.24,59.13,2.6
Frederick Douglass High School,6,50,72,16,22.2,14.7,12.6,14.1,15.6,16.4,14,89.38,23.85,4.9
Freedom Park Elementary,1,,,,,,,,,,,,,
Fulton Academy of Virtual Excellence,,,,,,,,,,,,67.82,51.67,5.6
Fulton Leadership Academy,1,11,18,4,22.2,16.3,16.2,16.2,15.2,17.6,13,75.0,27.27,
Fulton Science Academy High School,1,3,,,,,,,,,,,,
Furlow Charter School,,,,,,,,,,,,85.37,47.22,
G.W. Carver High School Early College,2,20,34,6,17.6,16.3,14.1,16.0,16.8,17.2,11,,,
Gainesville High School,23,416,810,512,63.2,21.4,20.8,20.9,22.8,21.2,25,92.6,43.83,0.6
Garrett Middle School,1,,,,,,,,,,,,,
Gateway to College Academy,1,1,,,,,,,,,,,,
General Ray Davis Middle School,4,,,,,,,,,,,,,
George W. Hartmann Center,,,,,,,,,,,,,,50.0
George Washington Carver Freshman Campus,3,,,,,,,,,,,,,2.7
Georgia Academy for the Blind,,,,,,13.6,11.8,14.2,14.3,13.3,10,61.11,23.08,
Georgia Center,,,,,,,,,,,,,,13.0
Georgia Connections Academy,17,114,155,77,49.7,21.0,21.0,18.2,23.0,21.0,25,61.55,38.95,6.6
Georgia Connections Academy (Virtual),18,136,216,139,64.4,18.5,17.0,15.8,21.8,19.7,11,65.38,47.74,7.9
Georgia Cyber Academy,,,,,,,,,,,,66.75,42.94,3.9
Georgia Cyber Academy (Virtual),,,,,,,,,,,,76.54,42.86,2.8
Georgia Fugees Academy Charter School,,,,,,,,,,,,90.91,,
Georgia School for Innovation and the Classics,,,,,,,,,,,,95.74,38.64,
Georgia School for the Deaf,,,,,,13.1,9.5,15.0,12.7,14.6,10,,,
Gilmer High School,9,197,321,225,70.1,19.9,18.8,18.9,21.5,20.1,73,96.6,57.76,0.8
Glascock County Consolidated School,,,,,,,,,,,,91.67,54.55,
Glascock County Middle/High School,,,,,,,,,,,,86.05,62.16,
Glenn Hills High School,8,58,79,1,1.3,13.9,12.0,13.8,14.3,15.0,48,69.83,11.73,3.4
Glenn Hills Middle School,2,,,,,,,,,,,,,
Global Impact Academy,16,241,359,149,41.5,18.8,18.3,17.3,20.6,18.5,22,100.0,49.11,
Glynn Academy,27,530,1104,861,78.0,22.9,23.0,21.9,23.8,22.5,78,98.36,62.2,0.7
Gordon Central High School,8,52,65,38,58.5,21.1,19.6,20.0,23.1,21.1,17,94.23,63.92,1.6
Gordon Lee High School,4,29,37,21,56.8,20.5,18.7,19.9,22.1,21.1,38,98.08,73.0,
Grace Snell Middle School,6,,,,,,,,,,,,,
Grady High School,28,574,1264,801,63.4,24.9,25.6,23.6,26.2,23.7,49,86.38,75.75,3.5
Grayson High School,26,876,1886,1445,76.6,20.6,19.4,19.7,22.2,20.3,57,94.62,57.58,2.6
Greenbrier High School,27,720,1334,1115,83.6,23.7,22.1,22.1,25.6,24.5,62,97.85,61.73,0.7
Greene County High School,7,68,71,18,25.4,14.9,13.4,14.9,14.7,16.5,11,88.78,21.65,2.3
Greenville High School,1,12,12,2,16.7,14.2,11.7,15.6,14.5,14.2,18,87.5,58.93,4.6
Griffin High School,7,62,71,19,26.8,18.6,17.1,17.1,21.4,18.6,17,93.41,47.81,1.0
Griffin Middle School,8,21,31,20,64.5,,,,,,,,,
Groves High School,4,43,48,16,33.3,15.9,14.1,15.4,16.6,16.6,20,77.13,18.38,4.4
Grovetown High School,24,335,647,485,75.0,19.3,18.3,19.5,19.5,20.1,23,89.07,32.34,1.3
Gwinnett InterVention Education (GIVE) Center East,,,,,,,,,,,,,,9.1
Gwinnett Intervention Education Center (GIVE) West,,,,,,,,,,,,,,12.8
Gwinnett Online Campus,17,75,108,73,67.6,22.6,20.8,19.6,26.7,22.9,10,56.43,33.6,10.3
"Gwinnett School of Mathematics, Science and Technology",30,1023,3750,3507,93.5,28.8,28.0,28.2,30.1,28.6,45,100.0,90.43,
Habersham Central High School,21,236,467,369,79.0,23.5,23.0,21.7,25.5,23.5,11,98.02,50.0,1.5
Habersham Ninth Grade Academy,1,64,64,56,87.5,,,,,,,,,
Habersham Success Academy,,,,,,,,,,,,93.33,17.65,9.7
Hampton High School,10,83,105,47,44.8,16.7,15.6,15.8,18.0,17.3,35,91.17,45.21,2.0
Hampton Middle School,1,,,,,,,,,,,,,
Hancock Central High School,,,,,,15.6,14.6,16.4,14.7,17.1,10,82.81,31.37,5.2
Hank Aaron New Beginnings Academy,1,,,,,,,,,,,,,13.6
Hapeville Charter Career Academy,9,136,196,22,11.2,16.8,15.4,16.3,18.4,17.1,20,97.45,40.25,5.1
Hapeville Charter Middle School,3,,,,,,,,,,,,,
Haralson County High School,1,11,11,8,72.7,18.1,17.3,18.2,18.5,18.3,11,99.13,53.54,1.3
Haralson County Rebel Academy,,,,,,,,,,,,91.67,,
Hardaway High School,7,66,70,13,18.6,17.5,16.1,16.3,19.6,17.2,29,94.6,40.0,1.4
Harlem High School,16,281,470,299,63.6,21.0,18.8,20.6,22.1,22.1,17,91.81,46.64,1.5
Harlem Middle School,1,,,,,,,,,,,,,
Harpst Academy,,,,,,,,,,,,,,17.9
Harris County High School,23,214,382,328,85.9,21.5,19.6,20.9,23.6,22.2,44,94.87,53.19,0.8
Harrison High School,32,751,1574,1398,88.8,23.3,22.8,22.5,24.4,23.5,102,97.75,72.54,0.6
Hart County High School,9,102,178,81,45.5,19.5,18.5,18.6,20.2,20.3,31,96.95,57.71,1.0
Hawkinsville High School,1,18,18,25,138.9,19.2,17.7,19.9,20.4,18.5,12,91.26,53.33,2.7
Heard County High School,5,30,33,16,48.5,21.4,20.4,20.5,23.0,21.7,26,92.41,62.0,2.6
Henderson Middle School,12,13,22,14,63.6,,,,,,,,,
Henry County High School,15,111,133,28,21.1,17.2,16.3,16.2,18.5,17.4,111,85.11,33.33,2.9
Hephzibah High School,7,155,202,13,6.4,14.3,12.7,15.3,14.1,14.5,11,84.43,32.11,3.0
Hephzibah Middle School,1,,,,,,,,,,,,,
Heritage High School,28,413,668,216,32.3,17.8,16.8,16.6,19.1,18.0,48,90.56,43.6,2.4
Hightower Trail Middle School,8,32,52,11,21.2,,,,,,,,,
Hillgrove High School,25,500,1050,916,87.2,21.7,20.9,20.7,23.0,21.7,143,96.42,62.14,0.9
Hillside Conant School,1,1,,,,,,,,,,,,6.9
Hiram High School,14,132,191,102,53.4,17.9,16.0,17.4,18.5,19.0,21,86.13,36.84,2.1
Horizon Academy School,,,,,,,,,,,,89.87,,6.0
Houston County Career Academy,1,,,,,,,,,,,,,
Houston County Crossroads Center,,,,,,,,,,,,32.0,6.25,14.6
Houston County High School,21,538,1167,942,80.7,21.6,20.1,20.5,23.2,22.3,65,96.75,67.47,1.0
Houston County WIN Academy,,,,,,,,,,,,28.57,,8.8
Howard High School,17,161,281,107,38.1,17.8,16.3,17.2,19.4,18.0,13,88.49,42.73,2.2
Hull Middle School,7,,,11,,,,,,,,,,
Hurricane Transition Academy,,,,,,,,,,,,45.0,,24.8
i-Achieve Academy,,,,,,,,,,,,100.0,,
iGrad Virtual Academy School,,,,,,,,,,,,92.71,35.23,
Impact Academy High School,,,,,,,,,,,,95.9,,3.2
Independence Alternative School,,,,,,,,,,,,49.34,,16.7
Independence High School,1,1,,,,17.7,16.5,17.3,19.2,17.5,11,67.86,5.88,12.3
Innovation Academy,31,986,2170,1939,89.4,26.3,26.8,25.0,26.8,26.3,126,99.76,80.62,
Innovation Academy for Boys,,,,,,,,,,,,,,10.8
International Transition Center,,,,,,,,,,,,,,20.6
Irwin County High School,,,,,,18.0,15.5,17.9,20.0,18.0,11,94.07,55.2,2.3
Islands High School,18,181,314,164,52.2,20.2,19.3,18.4,21.7,20.9,19,94.0,55.5,1.6
Jackson County Comprehensive High School,15,292,477,193,40.5,22.1,21.7,20.4,23.5,21.9,28,92.68,49.13,1.2
Jackson County High School,16,478,731,504,68.9,20.4,19.2,19.2,21.9,20.7,113,92.98,54.13,0.9
Jackson High School,6,72,75,36,48.0,19.5,18.2,18.4,20.6,20.2,17,84.64,49.59,4.7
Jasper County High School,15,159,275,180,65.5,20.8,19.0,19.4,22.5,21.5,12,90.37,26.44,1.5
Jeff Davis High School,2,36,36,20,55.6,17.3,16.5,17.9,17.3,16.7,16,98.9,51.38,1.1
Jefferson County High School,4,66,68,17,25.0,17.4,16.8,16.9,17.6,18.0,14,90.96,45.64,1.5
Jefferson High School,23,287,489,407,83.2,23.2,21.4,22.1,25.2,23.8,29,96.43,62.37,0.8
Jenkins County High School,1,8,24,2,8.3,17.6,16.1,17.2,18.5,17.7,15,82.93,44.93,3.6
Jenkins High School,15,187,277,210,75.8,18.2,16.3,17.5,19.2,19.7,12,83.23,32.73,1.8
John Lewis Invictus Academy,1,,,,,,,,,,,,,
Johns Creek High School,30,853,1872,1716,91.7,26.3,26.0,25.4,26.8,26.3,127,97.13,76.13,0.7
Johnson County High School,1,40,66,1,1.5,17.2,15.7,18.0,17.3,17.6,10,88.75,42.25,3.1
Johnson Health Science and Engineering Magnet School,10,205,287,84,29.3,22.1,22.2,20.8,23.9,21.2,15,100.0,83.15,
Johnson High School,9,132,183,120,65.6,21.9,20.6,20.4,23.3,22.3,12,80.56,43.38,3.5
Johnson Magnet,13,160,270,67,24.8,20.9,20.2,19.2,23.1,20.4,17,100.0,64.71,
Jones County High School,7,129,147,104,70.7,21.4,19.0,20.7,23.4,21.5,15,86.46,46.04,1.8
Jones Middle School,5,18,21,17,81.0,,,,,,,,,
Jonesboro High School,12,270,365,99,27.1,15.4,14.7,14.7,16.3,15.8,26,88.17,30.33,2.7
Jonesboro Middle School,3,,,,,,,,,,,,,
Jordan Vocational High School,4,27,40,3,7.5,17.1,15.0,16.4,18.8,17.6,16,94.52,25.87,1.9
Josey High School,8,73,93,1,1.1,14.3,12.2,14.9,14.9,14.3,28,66.06,26.67,5.8
Kell High School,26,288,558,468,83.9,21.4,20.3,21.0,22.1,21.9,50,93.81,60.31,1.1
Kendrick High School,2,17,18,,,16.0,13.8,15.6,17.6,16.7,44,95.85,17.22,2.1
Kennesaw Mountain High School,29,438,1052,921,87.5,24.0,23.2,23.5,25.1,24.0,54,94.47,66.6,1.1
KidsPeace,2,1,,,,,,,,,,,,13.2
KIPP Atlanta Collegiate,13,472,852,24,2.8,18.1,17.9,17.5,18.3,18.0,90,86.31,37.59,3.9
KIPP Atlanta Collegiate Academy,11,84,116,7,6.0,16.6,15.8,16.7,16.7,16.6,110,92.15,27.84,2.3
Kipp Atlanta Collegiate Charter School,13,233,374,115,30.7,16.2,15.1,15.9,16.6,16.7,82,96.65,41.95,1.9
LaFayette High School,14,107,163,143,87.7,22.5,22.3,20.2,24.9,22.3,58,93.13,46.01,1.9
LaGrange High School,11,159,253,156,61.7,21.4,20.7,21.0,22.0,21.4,65,94.12,44.18,0.7
LAKE OCONEE CHARTER,,,,,,,,,,,,95.35,72.09,
Lake Oconee Charter High School,,,,,,,,,,,,100.0,85.29,
Lakeside High School,34,716,1489,1037,69.6,24.4,24.6,23.4,25.5,23.6,57,83.42,65.38,3.6
Lakeview-Fort Oglethorpe High School,9,34,49,30,61.2,19.4,17.6,18.8,21.1,19.7,29,87.64,44.98,2.0
Lamar County Comprehensive High School,,,,,,,,,,,,87.91,,3.6
Lamar County High School,3,12,14,11,78.6,20.0,18.3,18.9,22.1,19.6,12,87.56,37.2,2.3
Lambert High School,36,1983,4921,4487,91.2,25.5,25.6,25.6,25.5,24.8,232,98.21,80.9,0.5
Laney High School,11,147,237,1,0.4,13.2,11.7,13.9,12.7,14.3,17,73.98,28.67,8.0
Langston Hughes High School,17,358,482,64,13.3,16.2,15.4,15.9,17.3,16.2,48,94.33,29.2,3.0
Lanier Career Academy,,,,,,,,,,,,39.74,3.92,21.1
Lanier College and Career Academy,,,,,,,,,,,,63.73,13.48,13.7
Lanier County High School,2,22,22,2,9.1,17.8,16.8,17.5,18.3,17.9,18,96.81,44.44,2.6
Lanier High School,27,474,1057,841,79.6,23.3,21.7,21.9,25.4,23.6,38,94.76,63.18,0.8
Lanier Middle School,5,13,18,12,66.7,,,,,,,,,
Lassiter High School,31,867,2456,2198,89.5,23.8,22.9,23.6,24.7,23.4,99,97.31,76.56,0.5
Leadership Preparatory Academy,1,,,,,,,,,,,,,
Lee County High School,16,293,442,381,86.2,21.3,20.6,20.3,22.8,20.8,36,94.74,52.53,1.8
Lee County Middle School West,2,,,,,,,,,,,,,
Lee High School 9th Grade Campus,,,,,,,,,,,,,,2.4
Liberty County High School,7,80,106,67,63.2,18.0,16.3,16.6,19.7,18.9,41,91.04,40.23,1.5
Lighthouse Care Center of Augusta,,,,,,,,,,,,,,16.7
Lilburn Middle School,4,,,,,,,,,,,,,
Lincoln County High School,5,32,44,30,68.2,18.5,16.6,18.5,18.9,19.1,16,90.32,43.68,2.9
Lindley Middle School,1,,,,,,,,,,,,,
Lithia Springs Comprehensive High School,14,104,134,55,41.0,17.9,17.4,17.1,18.3,18.7,16,81.89,32.42,2.9
Lithonia High School,11,156,255,70,27.5,16.5,15.2,15.6,16.9,17.2,17,85.04,32.81,3.7
Lithonia Middle School,2,,,,,,,,,,,,,
Locust Grove High,15,136,197,99,50.3,20.3,18.8,19.3,22.0,20.6,18,93.41,38.4,1.6
Locust Grove Middle,5,11,11,,,,,,,,,,,
Loganville High School,21,273,476,406,85.3,21.6,20.6,20.7,23.4,21.1,29,95.73,55.08,1.6
Long Cane Middle School,1,,,,,,,,,,,,,
Long County High School,4,23,23,2,8.7,19.6,18.4,18.9,20.0,20.5,10,95.52,58.31,1.6
Lost Mountain Middle School,7,18,20,15,75.0,,,,,,,,,
Lovejoy High School,12,153,187,36,19.3,16.6,15.0,15.4,18.5,17.2,35,93.68,31.66,4.1
Lovejoy Middle School,4,,,,,,,,,,,,,
Lovinggood Middle School,1,,,,,,,,,,,,,
Lowndes High School,23,493,816,676,82.8,20.6,19.2,19.5,22.3,21.0,57,93.85,59.76,0.7
Luella High School,19,153,249,108,43.4,18.6,17.3,17.3,20.6,18.7,32,93.33,33.05,1.6
Luella Middle School,1,,,,,,,,,,,,,
Lumpkin County High School,13,160,220,166,75.5,22.5,20.9,21.2,24.3,23.6,22,97.84,54.61,1.2
Mabry Middle School,9,16,30,29,96.7,,,,,,,,,
MacIntyre Park Middle School,3,,,,,,,,,,,,,
Macon County High School,1,33,33,,,16.1,14.4,16.7,16.6,16.8,12,91.58,19.78,4.0
Macon Youth Development Campus,,,,,,,,,,,,,,29.3
Madison County High School,18,193,337,273,81.0,21.6,21.0,20.0,23.3,21.3,24,93.88,45.91,0.7
Manchester High School,2,36,36,15,41.7,16.4,14.8,15.9,17.5,16.6,33,78.46,55.34,2.4
Marietta High School,24,285,420,310,73.8,21.8,21.2,20.4,23.6,21.7,62,92.18,51.79,1.8
Marion County Middle/High School,3,23,35,22,62.9,18.0,18.8,17.7,17.3,17.8,11,91.26,59.77,2.1
Martha Ellen Stilwell School for the Performing Arts,10,148,207,110,53.1,19.0,18.4,17.7,20.0,19.3,11,100.0,67.89,
"Martin Luther King, Jr. High School",8,126,166,16,9.6,16.4,14.6,15.7,16.7,17.8,18,85.92,28.67,4.0
Mary Persons High School,14,212,273,226,82.8,20.7,19.9,19.4,21.5,21.3,25,93.84,54.09,1.2
"Maynard H. Jackson, Jr. High School",15,245,404,110,27.2,20.8,20.9,18.4,22.9,20.4,17,88.7,49.35,3.5
Maynard Jackson High School,18,624,1082,363,33.5,19.7,18.9,18.5,20.8,20.0,59,91.12,52.5,2.3
Mays High School,6,43,50,6,12.0,17.1,15.9,17.1,17.4,17.8,14,84.12,31.62,3.9
McClarin Alternative School,,,,,,,,,,,,75.18,,15.0
McClarin High School,3,2,,,,,,,,,,54.55,0.9,18.1
McCleskey Middle School,3,,,,,,,,,,,,,
McClure Health Science High School,26,506,1120,695,62.1,19.2,17.5,18.6,21.1,19.8,10,92.66,54.25,1.8
McClure Middle School,5,10,11,,,,,,,,,,,
McConnell Middle School,8,11,20,16,80.0,,,,,,,,,
McDonough High School,11,61,72,28,38.9,15.6,14.5,14.7,16.5,16.4,43,84.38,24.92,2.9
McDonough Middle School,1,,,,,,,,,,,,,
McEachern High School,24,366,650,382,58.8,17.7,16.6,16.6,18.6,18.2,52,91.16,46.95,2.3
McIntosh Academy,1,18,18,3,16.7,17.5,16.7,16.1,19.5,17.4,13,98.06,43.43,5.1
McIntosh County Academy,,,,,,,,,,,,75.7,,5.2
McIntosh High School,28,999,2374,2147,90.4,24.3,23.6,24.4,24.9,24.0,102,98.22,70.36,0.7
McNair High School,10,108,142,37,26.1,15.4,14.9,14.8,16.2,15.5,13,77.27,29.2,4.5
McNair Middle School,1,,,,,,,,,,,,,
Meadowcreek High School,27,409,891,365,41.0,18.6,16.2,19.2,18.9,19.6,10,82.62,36.92,4.3
Memorial Middle School,1,,,,,,,,,,,,,
Metter Career Academy,,,,,,,,,,,,92.86,16.98,
Metter College and Career Academy,,,,,,,,,,,,88.64,,
Metter High School,1,1,19,13,68.4,17.9,16.5,17.3,18.2,18.5,11,99.15,53.39,2.9
Midtown High School,25,853,2145,1774,82.7,24.5,24.8,22.2,25.8,24.8,73,95.34,67.52,2.9
Mill Creek High School,28,947,2190,1849,84.4,22.9,21.0,22.6,24.2,23.4,85,93.89,69.7,0.9
Millegeville ITU,,,,,,,,,,,,,,43.5
Miller County High School,4,3,,,,18.7,17.7,18.0,21.4,17.5,10,89.86,57.38,4.5
Miller Grove High School,5,72,123,44,35.8,16.6,15.7,15.5,18.2,15.9,13,83.54,25.98,4.6
Miller Grove Middle School,3,,,,,,,,,,,,,
Milton High School,35,994,2165,1853,85.6,24.8,25.0,23.5,25.6,24.6,140,96.17,72.98,0.6
Mitchell County High School,1,1,,,,17.2,17.0,16.5,18.2,17.0,23,85.86,48.24,5.0
Model High,21,201,453,300,66.2,20.7,19.8,20.2,21.2,20.8,26,97.74,62.71,
Monroe Area High School,12,146,207,126,60.9,19.8,18.7,18.2,21.6,20.0,21,94.37,53.38,1.2
Monroe High School,5,44,46,14,30.4,13.8,11.9,13.9,14.4,14.5,132,88.72,29.39,2.4
Montgomery Academy,,,,,,,,,,,,18.33,,25.6
Montgomery Co. High,,,,,,,,,,,,90.67,,2.9
Montgomery County High School,1,2,20,1,5.0,17.4,16.4,16.6,19.1,17.1,14,96.97,34.38,
Moore Middle School,3,,,,,,,,,,,,,
Moore Street Facility,,,,,,,,,,,,100.0,,12.0
Morgan County High School,20,267,487,354,72.7,22.1,22.1,20.4,23.0,22.1,44,93.09,60.0,1.0
Morris Innovative High School,1,3,13,,,16.6,14.7,16.6,17.8,16.9,16,33.75,39.02,28.3
Morrow High School,15,257,442,175,39.6,16.6,15.9,15.5,18.0,16.8,26,92.01,42.32,2.3
Morrow Middle School,1,,,,,,,,,,,,,
Mount Zion High School,9,137,185,27,14.6,18.5,17.1,16.4,21.3,18.6,10,94.81,33.02,2.0
Mount Zion Middle,1,,,,,,,,,,,,,
Mountain Creek Academy School,,,,,,,,,,,,37.5,,8.1
Mountain Education Center School,,,,,,19.0,17.9,18.4,19.9,19.0,25,13.55,17.07,36.3
Mountain Education Charter High School,,,,,,,,,,,,15.61,27.8,30.4
Mountain Education High School,,,,,,,,,,,,13.5,19.44,28.2
Mountain View High School,23,593,1236,1072,86.7,21.5,19.9,22.1,21.7,21.7,27,91.56,59.23,0.8
Mt. Zion High School,5,42,44,4,9.1,18.6,16.9,17.3,20.3,19.3,10,99.12,43.36,2.3
Mundy's Mill High School,11,252,340,82,24.1,16.7,15.0,15.6,19.0,17.2,42,92.46,39.06,2.8
Murray County High School,1,45,45,17,37.8,21.1,20.2,20.0,22.0,21.5,27,93.06,38.6,
Muscogee Youth Development Campus,,,,,,,,,,,,,,28.1
Muscogee Youth Development Center,,,,,,,,,,,,,,23.9
New Beginning Learning Center,,,,,,,,,,,,62.32,6.12,7.8
New Cass High School,,,,,,,,,,,,88.11,,2.1
New Hampstead High School,13,137,200,143,71.5,16.9,16.1,15.8,17.7,17.4,19,91.22,31.23,2.3
New Heard County High School,,,,,,,,,,,,93.55,,2.1
New Life Academy of Excellence,1,,,,,,,,,,,,,
New Manchester High School,16,121,178,123,69.1,18.3,18.4,17.1,19.5,18.0,58,89.28,40.67,1.8
New Southeast Bulloch High School,,,,,,,,,,,,85.6,,2.0
Newnan High School,25,389,674,548,81.3,20.7,19.7,20.1,22.0,20.4,48,91.31,45.4,2.4
Newton College and Career Academy,,,,,,18.9,17.4,17.2,20.7,20.4,18,,,
Newton High School,27,230,426,177,41.5,16.6,15.6,15.9,17.1,17.2,58,91.79,43.11,1.8
Norcross High School,23,456,902,579,64.2,23.7,22.2,22.1,25.5,24.6,36,85.35,39.74,3.1
North Atlanta High School,25,593,1020,729,71.5,24.4,24.7,22.2,25.9,24.2,111,93.72,61.49,2.4
North Clayton High School,4,25,26,11,42.3,16.5,14.8,15.1,18.6,16.7,19,84.33,31.31,4.5
North Cobb High School,28,673,1633,1341,82.1,21.6,21.2,19.7,23.9,21.5,88,93.49,57.61,1.7
North Forsyth High School,24,652,1280,1072,83.8,21.6,20.6,21.0,22.3,22.0,96,94.4,60.69,0.7
North Forsyth Middle School,3,,,,,,,,,,,,,
North Gwinnett High School,35,1616,3825,3462,90.5,25.9,25.8,25.4,26.3,25.4,108,97.38,79.39,0.8
North Gwinnett Middle School,6,60,70,62,88.6,,,,,,,,,
North Habersham Middle School,1,,,,,,,,,,,,,
North Hall High School,16,225,421,283,67.2,21.7,20.4,21.6,22.7,21.4,24,92.81,47.99,0.8
North Murray High School,2,65,65,14,21.5,22.3,23.0,20.0,23.5,22.4,10,93.89,46.73,
North Oconee High School,26,573,1286,1226,95.3,25.5,25.1,25.4,25.7,25.4,42,100.0,85.01,1.0
North Paulding High School,20,387,673,539,80.1,20.2,18.7,19.8,21.2,20.6,73,96.73,57.94,0.6
North Springs High School,27,380,786,445,56.6,21.4,21.1,20.2,22.2,21.2,45,94.9,45.93,1.5
Northbrook Middle School,4,,,,,,,,,,,,,
"Northeast Campus, Tift County High School",12,328,460,169,36.7,18.7,17.7,18.4,19.2,18.9,68,,,1.7
Northeast High School,4,48,66,2,3.0,14.9,13.9,15.1,15.5,14.1,11,84.0,30.63,3.1
Northeast Middle School,10,248,337,249,73.9,20.6,20.0,19.1,21.8,20.7,15,,,
Northgate High School,22,352,544,478,87.9,22.0,21.4,20.7,23.3,22.3,64,93.91,54.17,1.1
Northside High School,25,299,600,405,67.5,20.9,20.0,19.9,22.3,20.9,45,97.31,58.15,1.7
Northview High School,36,996,2373,2098,88.4,27.5,27.8,27.1,28.5,26.1,75,97.98,80.5,0.7
Northwest Whitfield County High School,13,133,211,150,71.1,20.4,19.0,20.5,21.7,19.8,22,94.9,67.08,0.8
Northwestern Middle School,6,18,21,21,100.0,,,,,,,,,
Oakwood High School,5,10,10,,,,,,,,,,,
Oconee County High School,26,537,1057,986,93.3,23.3,22.5,21.5,25.2,23.5,41,99.41,76.58,
Odyssey School,,,,,,,,,,,,4.15,,
Oglethorpe County High School,8,82,155,85,54.8,22.4,21.9,20.6,24.7,22.1,15,91.67,37.82,1.7
Ola High School,26,319,661,475,71.9,19.3,18.1,18.9,20.3,19.5,57,94.94,42.86,0.6
Ola Middle School,2,,,,,,,,,,,,,
Old Coretta Scott King Young Women's Academy High School,11,58,72,9,12.5,16.3,15.9,15.6,16.9,16.5,22,,,
Osborne High School,20,283,483,227,47.0,18.0,16.3,17.5,19.2,18.3,44,78.93,36.3,3.8
Osborne Middle School,15,45,96,85,88.5,,,,,,,,,
Palmer Middle School,8,,,,,,,,,,,,,
Parkview High School,31,1138,2746,2170,79.0,23.5,22.7,21.9,25.8,23.3,75,88.7,59.17,2.8
Pataula Charter Academy,1,,,,,,,,,,,95.0,73.68,
Paul Duke STEM High School,28,529,1441,1144,79.4,24.8,23.9,25.3,24.2,25.3,12,90.42,61.84,1.4
Paulding County High School,19,177,331,261,78.9,21.1,19.6,19.9,22.6,22.2,28,91.87,53.14,2.5
Peach County Achievement Academy,,,,,,,,,,,,53.57,,10.3
Peach County High School,14,112,154,95,61.7,17.9,16.2,17.6,18.7,18.8,20,91.67,48.39,1.1
Peachtree Ridge High School,29,1080,2475,1940,78.4,22.2,21.3,21.6,23.4,21.8,62,94.79,63.9,0.9
Pearson Middle School,3,,,,,,,,,,,,,
Pebblebrook High School,23,277,407,242,59.5,17.5,15.6,16.0,20.4,17.4,36,75.72,38.91,6.1
Pelham High School,7,78,134,6,4.5,15.6,15.0,16.2,16.0,14.8,12,93.4,30.61,2.6
Pepperell High School,15,119,242,111,45.9,19.8,18.3,19.4,21.3,19.8,28,94.59,57.95,
Performance Learning Center,,,,,,,,,,,,8.48,,12.6
Perry Career Academy - Eula Wilburn Ponds Perry Center for Learning,,,,,,,,,,,,69.57,2.75,11.2
Perry High School,18,271,458,378,82.5,21.5,18.8,21.3,22.7,22.9,30,94.78,57.35,1.1
Phoenix High School,1,2,,,,,,,,,,78.35,8.13,8.4
Pickens County High School,13,176,283,180,63.6,21.3,19.1,20.4,24.8,20.6,12,95.35,50.33,1.5
Pickens County Junior High School,2,,,,,,,,,,,,,
Piedmont Learning Center,1,1,,,,,,,,,,,,
Pierce County High School,,,,,,19.9,17.7,19.8,21.3,20.5,15,95.93,55.51,0.9
Pike County High School,16,179,279,196,70.3,22.5,20.5,21.4,24.6,22.9,14,94.85,56.07,0.9
Pike County Middle School,1,,,,,,,,,,,,,
Pinckneyville Middle School,5,10,14,10,71.4,,,,,,,,,
Pine Mountain Middle School,7,,,,,,,,,,,,,
Pleasant Valley Innovative School,,,,,,,,,,,,88.89,16.13,5.6
Polaris Evening School,3,2,,,,,,,,,,,,
Pope High School,30,776,1865,1666,89.3,25.5,25.3,24.4,27.2,24.6,119,98.16,75.47,0.7
Portal Middle/High School,2,11,11,3,27.3,20.6,20.2,18.7,22.2,20.4,10,91.36,37.84,6.7
Promise Career Institute School,,,,,,,,,,,,,,5.6
Provost Academy Georgia,6,10,10,,,17.3,15.5,18.3,17.1,17.5,11,18.09,2.9,31.3
Putnam County High School,13,90,144,70,48.6,17.2,15.5,16.1,18.6,18.3,18,92.04,32.46,1.0
Putnam County Middle School,3,,,,,,,,,,,,,
Quitman County High School,1,9,15,1,6.7,14.2,12.8,14.4,14.3,15.5,11,100.0,26.32,
Rabun County High School,5,67,82,70,85.4,19.8,18.3,19.7,20.7,20.1,14,90.85,50.0,2.0
Radloff Middle School,4,,,,,,,,,,,,,
Rainey McCullers School of the Arts,11,61,104,66,63.5,,,,,,,100.0,72.22,
Randolph Clay High School,1,12,12,1,8.3,14.8,13.4,14.8,15.8,14.5,10,94.23,24.66,6.0
Redan High School,9,144,187,45,24.1,15.0,12.8,15.1,16.0,15.9,13,88.52,30.17,3.0
Rex Mill Middle School,1,,,,,,,,,,,,,
Richards Middle School,8,,,,,,,,,,,,,
Richmond County Technical Career Magnet School,,,,,,,,,,,,100.0,71.15,
Richmond Hill High School,26,401,771,715,92.7,20.3,18.5,19.5,22.1,20.6,45,95.76,51.6,0.8
Ridgeland High School,14,180,322,267,82.9,19.3,18.4,18.0,20.4,19.7,47,92.9,32.6,2.2
Ringgold High School,10,154,172,108,62.8,20.6,19.4,19.6,21.8,21.0,60,92.47,57.94,1.0
Rising Starr Middle School,1,,,,,,,,,,,,,
River Ridge High School,30,522,1163,997,85.7,23.4,22.6,22.4,24.6,23.5,69,95.68,63.69,0.8
River Trail Middle School,2,,,,,,,,,,,,,
Riverdale High School,2,31,31,14,45.2,14.4,12.2,14.5,15.8,15.3,10,89.08,30.86,2.9
Riverwatch Middle School,1,,,,,,,,,,,,,
Riverwood International Charter School,25,682,1114,848,76.1,24.8,25.2,23.5,25.9,24.1,101,97.08,61.54,3.3
Rockdale County High School,26,540,1069,480,44.9,18.5,17.3,17.1,20.5,18.8,86,87.91,48.61,2.8
Rockdale Open Campus School,,,,,,,,,,,,49.38,,8.4
Rockmart High School,10,188,239,104,43.5,20.8,19.4,20.5,22.0,21.0,13,93.48,54.38,1.5
Rome High School,25,300,622,475,76.4,20.4,19.3,20.1,22.0,20.4,30,95.69,43.28,0.5
Roswell High School,32,695,1417,1272,89.8,23.6,23.7,22.4,24.6,23.3,109,93.51,60.17,2.7
Rutland High School,6,77,102,23,22.5,16.5,14.6,15.2,18.3,17.4,13,90.43,44.61,1.5
Rutland Middle School,3,,,,,,,,,,,,,
Salem High School,15,257,358,47,13.1,17.5,16.5,15.8,18.8,18.4,11,92.11,36.18,2.0
Salem Middle School,2,,,,,,,,,,,,,
Sandy Creek High School,16,349,568,354,62.3,19.9,18.5,19.1,20.9,20.5,40,93.42,41.28,1.1
Savannah Arts Academy,31,457,878,729,83.0,24.9,25.1,23.4,26.3,24.4,27,100.0,72.3,
Savannah Classical Academy Charter High School,3,30,31,18,58.1,,,,,,,100.0,58.33,
Savannah Early College High School,,,,,,,,,,,,100.0,68.29,
Savannah-Chatham E-Learning Academy,4,16,17,,,,,,,,,84.52,33.8,5.4
Schley Middle High School,3,47,58,27,46.6,20.4,19.5,18.4,22.6,20.2,17,95.4,72.29,
School of Health Sciences and Research at Carver,7,76,88,,,12.9,10.9,14.3,12.6,13.3,42,69.07,,11.8
School of Technology at Carver,4,13,18,1,5.6,14.9,12.8,15.7,15.9,14.9,27,76.19,13.89,6.9
Screven County High School,7,59,91,82,90.1,22.0,20.7,21.9,23.0,21.7,14,88.51,46.92,1.8
Seckinger High School,28,924,2112,1674,79.3,21.5,21.5,21.6,21.3,21.5,24,97.4,58.62,1.0
Second Chance,,,,,,,,,,,,81.25,,
Seminole County Middle/High School,8,75,122,47,38.5,19.8,18.8,18.2,21.5,19.8,13,89.15,57.14,2.4
Sequoyah High School,25,573,1426,1202,84.3,23.2,22.5,22.2,24.0,23.7,71,94.65,64.39,0.6
Sequoyah Middle School,1,,,,,,,,,,,,,
Shaw High School,19,158,227,53,23.3,17.9,16.6,17.2,19.3,18.3,31,96.98,32.33,0.7
Shiloh High School,18,287,482,191,39.6,15.8,14.3,15.3,17.5,15.8,12,88.67,41.43,1.9
Shiloh Middle School,1,,,,,,,,,,,,,
Simpson Middle School,2,,,,,,,,,,,,,
Skyview High School,,,,,,,,,,,,32.2,,30.7
Smitha Middle School,5,,,,,,,,,,,,,
Snellville Middle School,1,,,,,,,,,,,,,
Snodon Preparatory School,2,2,,,,,,,,,,,,
Social Circle High School,6,76,84,45,53.6,21.0,20.8,19.6,22.2,21.2,24,88.65,52.8,2.0
Sonoraville High School,3,32,40,29,72.5,20.7,19.4,20.3,21.9,20.6,16,94.76,65.45,1.3
South Atlanta High School,,,,,,,,,,,,86.51,35.08,2.7
South Atlanta Law and Social Justice School,7,90,128,12,9.4,15.9,14.7,16.9,15.5,16.2,22,73.85,,7.1
South Atlanta School of Computer Animation and Design,6,20,32,13,40.6,16.1,14.8,16.0,16.3,16.6,67,71.05,,4.7
South Atlanta School of Health and Medical Science,8,120,151,53,35.1,14.6,12.6,14.9,15.4,14.7,125,76.54,,5.0
South Cobb High School,15,162,307,172,56.0,17.7,15.7,17.3,18.4,18.5,41,87.9,36.84,2.9
South Effingham High School,22,309,562,422,75.1,20.3,18.9,19.8,21.3,20.6,30,94.73,52.0,2.1
South Effingham Middle School,2,,,,,,,,,,,,,
South Forsyth High School,35,1574,3505,3096,88.3,25.2,24.8,24.3,26.3,24.9,173,98.7,78.62,0.6
"South Georgia Regional Achievement Center, The Phoenix",,,,,,,,,,,,,,11.5
South Gwinnett High School,21,604,1053,316,30.0,18.3,16.8,18.4,18.6,18.5,24,88.37,39.85,1.9
South Habersham Middle School,1,,,,,,,,,,,,,
South Paulding High School,16,151,233,172,73.8,17.8,16.3,17.7,19.1,17.6,24,91.28,44.4,2.7
Southeast Bulloch High School,8,135,190,157,82.6,20.6,19.1,19.9,22.1,20.8,14,91.47,60.77,1.4
Southeast Bulloch Middle School,1,,,,,,,,,,,,,
Southeast Whitfield County High School,13,123,194,137,70.6,18.4,17.8,18.3,18.7,18.4,54,93.17,51.13,1.4
Southwest DeKalb High School,14,220,305,152,49.8,18.5,18.7,17.7,19.7,17.9,22,90.57,33.72,3.1
Southwest Georgia S.T.E.M. Charter Academy,,,,,,,,,,,,75.0,58.33,
Southwest High School,1,23,23,1,4.3,15.6,14.8,14.8,16.7,15.5,16,92.9,24.26,4.6
Spalding High School,14,101,150,71,47.3,17.9,16.1,16.6,19.6,18.6,15,88.0,42.16,1.7
Spencer High School,7,63,72,13,18.1,16.4,15.1,16.2,18.1,15.8,10,94.78,25.71,1.3
Sprayberry High School,26,396,848,687,81.0,21.7,20.6,21.2,23.0,21.8,27,89.58,55.92,1.8
Starrs Mill High School,26,664,1516,1258,83.0,24.9,24.5,24.9,25.1,24.5,98,98.51,77.94,0.7
Statesboro High School,22,185,341,251,73.6,18.2,17.1,18.0,19.0,18.6,16,86.21,39.9,3.4
Statesboro STEAM Academy,,,,,,,,,,,,100.0,77.78,
Stephens County High School,7,109,144,101,70.1,21.5,19.1,20.1,23.1,22.6,14,96.1,56.63,1.8
Stephenson High School,11,135,174,69,39.7,16.2,14.8,15.9,16.9,16.9,24,86.1,27.5,2.9
Stephenson Middle School,1,,,,,,,,,,,,,
Stewart County High School,1,1,,,,16.3,14.3,16.3,16.8,17.1,12,100.0,30.43,
Stockbridge High School,12,106,138,58,42.0,15.8,14.3,15.3,17.2,16.6,39,81.67,29.17,3.2
Stockbridge Middle School,1,,,,,,,,,,,,,
Stone Mountain High School,6,62,68,32,47.1,15.9,14.2,15.2,17.2,18.5,13,83.44,39.92,5.8
Stone Mountain Middle School,1,,,,,,,,,,,,,
Summerour Middle School,4,,,,,,,,,,,,,
Sumter County High School,5,88,133,21,15.8,14.9,13.2,15.7,15.0,15.0,25,96.65,25.45,
Sumter County Middle School,2,,,,,,,,,,,,,
Sumter Youth Development Campus,,,,,,,,,,,,,,39.4
Swainsboro High School,1,25,25,2,8.0,19.5,19.6,18.4,21.1,18.7,14,86.19,44.13,2.7
Sweetwater Middle School,4,,,,,,,,,,,,,
Sylvan Hills Middle School,1,,,,,,,,,,,,,
Taliaferro County School,2,1,,,,15.7,13.8,16.2,16.3,15.8,13,93.33,36.36,
Tapestry Public Charter School,8,63,79,37,46.8,,,,,,,100.0,66.67,
Tapp Middle School,3,,,,,,,,,,,,,
Tattnall County High School,1,62,69,17,24.6,20.1,19.8,18.5,21.4,20.6,11,88.7,41.23,2.2
Taylor County High School,3,33,33,,,17.4,16.7,17.3,17.7,17.2,15,95.35,55.56,3.1
Taylor Road Middle School,1,,,,,,,,,,,,,
Tech High School,1,1,,,,,,,,,,,,
Telfair Alternative Preparation School,,,,,,,,,,,,,,26.3
Telfair Alternative Preparation School (TAPS),,,,,,,,,,,,,,41.4
Telfair County High School,1,21,21,2,9.5,15.9,14.5,17.1,17.2,14.4,14,93.9,41.33,2.0
Temple High School,15,86,127,70,55.1,20.6,19.2,19.6,21.6,21.2,22,98.94,45.45,2.4
Terrell County High School,,,,,,,,,,,,92.31,24.59,
Terrell High School,1,1,,,,16.0,14.8,16.2,15.8,17.1,31,93.24,23.19,2.8
The B.E.S.T Academy,,,,,,,,,,,,72.73,,
The Best Academy High School at Benjamin S. Carson,2,16,16,2,12.5,17.1,16.1,16.3,17.9,17.3,16,,,
The Champion Middle Theme School,1,,,,,,,,,,,,,
The Dalton Academy,,,,,,,,,,,,76.05,36.84,2.3
The Foundry,,,,,,,,,,,,78.95,,7.0
The School of Liberal Studies at Savannah High,5,48,52,10,19.2,16.0,14.6,15.7,17.7,15.9,12,79.11,18.6,4.3
The School of the Arts at Carver,6,29,29,,,15.7,14.5,15.9,16.2,15.6,30,64.08,,9.3
Therrell High School,,,,,,,,,,,,85.98,25.28,6.3
"Therrell School of Engineering, Math, and Science - C",,,,,,17.5,17.2,16.6,19.2,17.2,10,,,
Therrell School of Health and Science,5,59,83,24,28.9,19.0,17.2,17.0,22.1,19.3,13,,,
Therrell School of Health and Science - C,7,69,74,10,13.5,16.6,15.8,16.1,17.1,16.8,95,,,
Thomas County Academy,,,,,,,,,,,,94.55,,
Thomas County Central High School,27,284,625,443,70.9,19.9,18.9,18.2,22.2,19.9,38,96.77,38.42,
Thomasville High School,23,112,227,148,65.2,19.1,18.9,17.9,19.9,19.3,35,90.83,42.65,1.9
Thomson High School,9,76,107,41,38.3,18.2,15.8,17.9,19.8,18.0,10,95.63,38.36,1.4
Tift County High School,,,,,,,,,,,,88.59,45.57,1.7
Toombs County High School,7,175,247,46,18.6,17.0,16.4,16.4,17.7,16.9,16,93.97,50.23,1.3
Towers High School,11,95,138,38,27.5,16.7,15.3,16.1,18.5,16.7,35,80.09,29.14,7.2
Towns County High School,1,,,,,20.7,19.3,20.3,21.6,20.9,10,94.03,59.7,
Treutlen Middle/High School,,,,,,19.7,18.7,19.4,20.4,19.6,36,78.43,38.46,3.4
Tri-Cities High School,12,258,354,87,24.6,15.3,13.9,15.1,15.6,16.3,36,86.09,22.88,4.6
Trickum Middle School,8,,,,,,,,,,,,,
Trion High School,10,56,77,50,64.9,20.9,19.7,19.5,22.3,21.8,32,97.94,79.57,
Troup County High School,14,159,254,123,48.4,18.5,18.1,18.1,19.3,18.4,33,94.21,36.09,1.5
Tucker High School,16,274,382,193,50.5,22.8,22.6,21.6,23.3,22.9,19,81.01,49.48,6.2
Tucker Middle School,3,,,,,,,,,,,,,
Turner County High School,,,,,,,,,,,,96.84,31.18,3.7
Turner County Specialty School,1,6,,,,15.3,13.7,15.5,16.2,15.5,13,,,50.0
Twiggs County High School,1,13,13,,,16.9,14.9,16.3,18.4,17.3,17,87.5,40.82,4.1
Twin Rivers Middle School,8,12,12,10,83.3,,,,,,,,,
UHS of Laurel Heights,,,,,,,,,,,,,,9.4
UHS of Savannah Coastal Harbor Treatment Center,,,,,,,,,,,,,,14.9
Union County High School,5,41,46,25,54.3,21.5,20.2,18.8,23.5,22.5,13,96.88,57.99,1.6
Union Grove High,22,310,676,585,86.5,20.4,19.8,19.5,21.2,20.7,85,94.32,52.97,0.8
Union Grove Middle,1,,,,,,,,,,,,,
Upson-Lee High School,7,83,109,61,56.0,21.3,20.8,19.2,23.5,20.5,11,92.49,54.65,1.8
Upson-Lee Middle School,2,,,,,,,,,,,,,
Utopian Academy for the Arts High School,,,,,,,,,,,,100.0,,
Valdosta High School,15,239,328,197,60.1,19.2,18.1,17.8,21.2,19.7,18,92.9,44.6,1.6
Valdosta Middle School,4,,,,,,,,,,,,,
Veterans High School,21,459,942,806,85.6,22.2,21.2,21.8,23.8,21.7,47,96.57,64.08,1.4
Vidalia Academy,1,1,,,,,,,,,,34.32,,27.5
Vidalia Comprehensive High School,11,127,209,101,48.3,21.0,19.0,20.7,23.2,20.9,10,96.84,59.44,1.6
Villa Rica High School,19,242,407,228,56.0,19.6,18.7,20.3,20.4,18.7,19,96.74,56.56,1.7
VIP Academy (Virtual),,,,,,,,,,,,88.79,20.65,3.6
Virtual Preparatory Academy of GA @ Jenkins,,,,,,,,,,,,,,15.7
Walnut Grove High School,16,256,385,294,76.4,21.6,20.7,20.4,23.5,21.0,22,91.74,58.02,1.3
Walton High School,36,1473,3461,3246,93.8,26.0,25.9,25.4,26.6,25.6,167,97.86,80.34,0.4
Ware County High School,13,167,209,101,48.3,18.5,17.1,17.3,20.5,18.9,21,95.36,51.29,1.6
Warner Robins High School,22,238,462,266,57.6,18.4,16.8,17.9,20.8,18.1,12,90.5,43.46,1.4
Warren County High School,1,2,,,,17.8,17.5,17.2,17.9,18.1,12,92.59,56.36,
Washington County High School,4,71,78,18,23.1,15.9,14.8,16.5,16.1,15.4,12,93.8,53.88,1.3
Washington-Wilkes Comprehensive High School,15,84,187,90,48.1,18.1,17.4,18.0,18.1,17.9,11,87.13,34.83,2.7
Wayne County High School,15,188,311,149,47.9,18.4,16.7,17.6,19.7,19.1,18,89.57,43.32,0.8
Webster County High School,,,,,,15.5,14.8,15.6,16.2,15.4,14,92.86,57.89,
Wellspring Living,,,,,,,,,,,,,,57.9
West End Academy,,,,,,14.2,12.0,16.1,13.5,15.0,13,,,
West Forsyth High School,31,1256,2564,2171,84.7,23.1,22.4,22.5,24.2,22.9,165,98.13,76.76,0.5
West Hall High School,10,105,136,95,69.9,18.8,17.1,18.8,19.6,19.1,16,94.3,37.5,0.9
West Laurens High School,8,70,110,96,87.3,21.5,21.5,20.1,24.0,19.7,13,92.06,53.77,1.2
Westlake High School,15,700,1026,200,19.5,18.6,17.6,17.5,20.2,18.7,76,91.92,40.04,2.1
Westover High School,8,15,18,13,72.2,17.0,16.2,16.0,17.7,17.9,11,95.1,44.64,1.3
Westside High,,,,,,,,,,,,74.83,,6.5
Westside High School,15,84,125,26,20.8,16.4,15.2,16.1,16.7,17.4,16,84.25,37.97,2.9
Wheeler County High School,2,23,23,6,26.1,16.9,15.4,17.2,17.4,17.0,14,96.55,55.36,3.3
Wheeler High School,33,687,1681,1555,92.5,27.6,27.3,27.3,28.3,27.1,66,89.41,64.25,2.1
White County 9th Grade Academy,,,,,,,,,,,,,,2.9
White County High School,13,189,295,194,65.8,22.1,19.8,21.7,23.8,23.2,12,95.82,57.2,1.0
Whitewater High School,24,416,913,807,88.4,21.5,20.4,21.4,22.5,21.7,71,95.85,61.31,0.8
Wilcox County High School,1,47,47,,,15.2,13.5,16.0,15.5,15.3,13,98.73,58.23,3.4
Wilkinson County High School,2,20,23,2,8.7,17.1,16.9,16.2,17.6,17.2,31,94.85,42.55,
Winder-Barrow High School,16,225,387,261,67.4,20.8,19.3,19.0,23.0,22.0,21,90.67,40.75,2.4
Windsor Forest High School,7,62,80,30,37.5,15.0,13.4,15.0,14.6,16.8,10,81.2,21.36,3.8
Wiregrass Regional College and Career Academy,,,,,,,,,,,,98.15,44.0,
Wood's Mill Academy,,,,,,,,,,,,34.78,,20.8
Woodland High School,25,169,312,210,67.3,18.8,17.1,18.8,20.1,18.4,35,88.54,36.64,2.0
Woodland Middle School,5,,,,,,,,,,,,,
Woodstock High School,28,621,1490,1235,82.9,21.7,20.4,21.5,22.4,22.1,68,96.02,58.54,0.7
Woodville-Tompkins Technical and Career High School,9,73,89,63,70.8,18.0,16.7,18.5,19.0,17.3,10,100.0,71.51,
Woody Gap High/Elementary School,1,1,,,,,,,,,,,,
Worth County Achievement Center,,,,,,,,,,,,35.29,8.33,23.8
Worth County High School,2,57,57,45,78.9,19.0,19.0,17.8,20.4,18.8,25,92.89,58.56,1.2
Youth Villages at Inner Harbour,,,,,,,,,,,,,,19.0
Z - Montgomery Academy,3,2,,,,,,,,,,,,
Z_Rockdale Career Academy,5,13,16,6,37.5,,,,,,,,,
Zebulon High School,1,,,,,,,,,,,93.48,11.11,15.8
